Model,Task,Epochs Trained,PSNR (dB),SSIM,MAE,MSE,RMSE,Validation Loss,LPIPS
EDSR,2x Super-Resolution,276,29.307325250692173,0.9822194691742944,0.027106582820045657,0.001958789456580098,0.044258213436379215,0.027153594126290544,
ESRGAN,2x Super-Resolution,51,27.910973838090037,0.6800472715199353,,,,0.03521047897923451,0.0
MIRNet-v2,Denoising,100,20.54219298012707,0.8626750549648929,0.06531827342074485,0.01563093837764715,0.1250237512541003,0.06558391390251787,
MPRNet,Denoising,77,20.912254224220913,0.5817233490136763,0.06428210049731813,0.01562746962129798,0.1250098780948849,0.06428210049731813,
RCAN,2x Super-Resolution,159,29.246735242299653,0.7138884051755591,,,,0.030843695124181416,0.0
Restormer,Denoising,96,25.992543681864273,0.6428584570107728,,,,0.048709366210879616,0.3067880513011472
SRCNN,2x Super-Resolution,258,26.091513571756412,0.9694542653867627,0.03069082671881762,0.003125858813589108,0.0559093803720727,0.030806690611944913,
SwinIR,2x Super-Resolution,90,26.391614538874272,0.7401662551098876,0.030153193954396234,0.003018669559229757,0.0511127698667751,0.03540256031556055,
NAFNet,Denoising,100,20.42899523993476,0.8637478881888538,0.06483941646828818,0.016011708571649005,0.11260341035766155,0.06241395086818851,
