sample_id,psnr,ssim,mae,mse,rmse,entropy,niqe,brisque,piqe,fsim
000001,18.853775024414062,0.3012368083000183,0.07512709498405457,0.013020351529121399,0.11410675496709824,6.25514332909397,4.326710562231263,37.45819091796875,33.744483947753906,0.8607932329177856
000002,18.52607536315918,0.30825939774513245,0.07545246183872223,0.014040818437933922,0.11849395949977333,6.381892279656481,6.609322515096464,17.61956787109375,18.978858947753906,0.8492498993873596
000007,20.727924346923828,0.5573841333389282,0.05500687286257744,0.008456828072667122,0.09196101387363627,6.908285855168966,4.345809931231718,18.70855712890625,22.28550910949707,0.9306390285491943
000008,15.991094589233398,0.5050314664840698,0.08446282148361206,0.025170426815748215,0.15865190454497613,5.9327319257382385,5.531733234926832,24.24578857421875,20.959535598754883,0.7460065484046936
000018,32.34457015991211,0.8501659631729126,0.014555837027728558,0.0005828315624967217,0.02414190469902327,5.783825124852007,7.654677946989904,30.43988037109375,44.6275634765625,0.9825941324234009
000021,17.37481689453125,0.24324846267700195,0.07687905430793762,0.018302828073501587,0.13528794504131397,5.563509344944676,4.954521036016485,20.25787353515625,13.814945220947266,0.7174152731895447
000022,32.330177307128906,0.8452538251876831,0.01154142152518034,0.0005847663269378245,0.02418194216637333,5.844828293421844,6.252613338209025,15.93206787109375,41.769779205322266,0.9791202545166016
000024,19.391586303710938,0.5238405466079712,0.055933427065610886,0.011503800749778748,0.10725577257089125,6.599201388588218,5.976493679926443,30.59271240234375,22.56027603149414,0.7315294146537781
000032,13.649269104003906,0.22410869598388672,0.10011067241430283,0.04315916821360588,0.2077478476750262,5.95642786435701,5.558549000261766,36.22454833984375,55.8637809753418,0.5926387906074524
000037,20.04790496826172,0.5341979265213013,0.052458785474300385,0.009890303015708923,0.09945000259280501,6.868951236085402,5.8481477626935705,20.25848388671875,10.904078483581543,0.8235813975334167
000047,25.772533416748047,0.9159480929374695,0.02651345729827881,0.0026469554286450148,0.05144857071527852,7.1863364214711885,10.099836013695699,58.01763916015625,64.31673431396484,0.8757933974266052
000048,16.604583740234375,0.32253384590148926,0.08220741897821426,0.021854538470506668,0.14783280579934438,7.214424553272157,4.336563188662753,30.07330322265625,29.45642852783203,0.7491826415061951
000083,28.909902572631836,0.8798491954803467,0.018686361610889435,0.0012853158405050635,0.03585130179651868,6.528523847618709,7.641111564079007,42.68817138671875,50.53413391113281,0.9424107074737549
000091,17.7442684173584,0.4842286705970764,0.060275327414274216,0.016810212284326553,0.12965420272527442,6.81409802434234,7.019449434349085,3.89227294921875,25.36709976196289,0.7623105645179749
000093,17.660367965698242,0.8989960551261902,0.1258782148361206,0.01713811606168747,0.1309126275868278,5.289113791358417,10.045937705612928,38.73870849609375,53.521202087402344,0.9903889298439026
000108,14.963875770568848,0.19558463990688324,0.11242051422595978,0.031886905431747437,0.17856904947875887,6.332599300772211,4.632054216953445,23.18280029296875,19.569438934326172,0.7056886553764343
000120,28.919601440429688,0.7977961301803589,0.021771950647234917,0.0012824484147131443,0.0358112889283972,7.084378576338363,8.039883513396601,16.44281005859375,24.3581485748291,0.9912387728691101
000122,13.63996696472168,0.15781931579113007,0.15372778475284576,0.04325170814990997,0.20797045018441918,6.430481094571061,4.530002992925242,30.67205810546875,36.72792053222656,0.7364755868911743
000126,16.696266174316406,0.9193002581596375,0.1368139088153839,0.021398013457655907,0.14628059836374716,6.981908051313823,9.225487317928252,47.99530029296875,61.58378219604492,0.9814869165420532
000144,22.044219970703125,0.5587564706802368,0.042903315275907516,0.0062456559389829636,0.07902946247433905,7.104402553431493,6.163715590691187,13.37542724609375,9.646223068237305,0.8897577524185181
000147,24.895734786987305,0.7804416418075562,0.03442351520061493,0.0032391157001256943,0.05691322957033535,6.511227930437412,6.2283054909542965,39.80242919921875,49.19754409790039,0.7964509129524231
000150,13.7205171585083,0.32015174627304077,0.08718298375606537,0.04245690256357193,0.20605072813162278,4.60451568651204,5.927682241103183,30.31951904296875,25.924318313598633,0.6440873146057129
000153,22.374961853027344,0.9679868221282959,0.06728161871433258,0.00578767154365778,0.07607674772003453,7.375607600214818,7.555439559752302,21.94256591796875,34.50063705444336,0.9900636076927185
000158,18.507295608520508,0.7053893804550171,0.046974100172519684,0.014101664535701275,0.11875042962322821,5.704114550556099,4.872979268110676,18.75994873046875,12.69112777709961,0.7967067956924438
000179,21.50536346435547,0.9517571330070496,0.06132304668426514,0.007070721592754126,0.08408758286901893,6.520055608373518,8.16066976123506,32.72186279296875,51.33427429199219,0.9708300232887268
000185,17.362573623657227,0.3098185658454895,0.08971558511257172,0.018354501575231552,0.13547878643991298,7.1846309878553924,5.163411199594214,7.15777587890625,7.667920112609863,0.777066707611084
000188,24.878759384155273,0.8896710872650146,0.02440604567527771,0.0032518035732209682,0.05702458744454859,7.040302902966891,4.96428677951374,17.72601318359375,36.720245361328125,0.8367990255355835
000189,19.980350494384766,0.49143582582473755,0.06124214455485344,0.010045347735285759,0.10022648220548179,7.211326116831529,5.8127536580795836,7.36541748046875,21.332277297973633,0.8919063806533813
000195,17.71885108947754,0.565575897693634,0.043389588594436646,0.016908882185816765,0.13003415776563004,5.590756481364984,6.430167602993047,17.96697998046875,34.60385513305664,0.7860735058784485
000205,16.184463500976562,0.19827687740325928,0.08666211366653442,0.02407429739832878,0.15515894237306718,6.233754123679441,4.5045256042509365,14.28948974609375,15.120797157287598,0.6973870992660522
000225,13.391761779785156,0.4618167281150818,0.09057335555553436,0.04579560086131096,0.21399906743093755,5.967556246787799,4.391452310762555,10.48602294921875,37.321659088134766,0.7229313850402832
000232,21.036672592163086,0.4937160909175873,0.04828418791294098,0.007876493036746979,0.08874960865686664,7.177658350294479,6.103510924622272,33.50970458984375,26.65727424621582,0.8684102892875671
000243,18.855403900146484,0.4632132053375244,0.07269656658172607,0.013015463948249817,0.11408533625426984,6.875438409033978,6.048096174522667,47.07830810546875,27.940839767456055,0.878326416015625
000245,18.14765167236328,0.5461833477020264,0.048761919140815735,0.015319159254431725,0.12377059123407194,5.578032409723258,6.497262964138012,13.03460693359375,15.956253051757812,0.752690315246582
000256,17.563617706298828,0.4079110324382782,0.06863544881343842,0.01752420701086521,0.13237902783622946,6.818687629427875,5.148307901569259,31.81781005859375,49.83050537109375,0.8328177332878113
000258,16.632579803466797,0.20796220004558563,0.08860700577497482,0.021714111790060997,0.14735708937835668,6.194291131304397,4.290902251409123,17.72747802734375,17.54950523376465,0.7186598181724548
000266,12.989882469177246,0.31410080194473267,0.13341759145259857,0.05023562163114548,0.22413304448729884,7.694890607973811,3.9746695981621003,28.55511474609375,42.00798416137695,0.7098515033721924
000268,18.6835880279541,0.4154317378997803,0.07382611930370331,0.013540707528591156,0.11636454584017916,7.075094752476734,4.429597120726604,33.76092529296875,32.794918060302734,0.8462784290313721
000269,32.79727554321289,0.8903931379318237,0.009092779830098152,0.0005251369439065456,0.02291586664096616,5.987877938407091,6.4558897154077215,24.99871826171875,45.66809844970703,0.9886108636856079
000295,15.393291473388672,0.30414122343063354,0.08728943765163422,0.028884898871183395,0.1699555791116708,6.4799864615269245,4.73156005636898,24.22235107421875,19.271587371826172,0.6875677704811096
000299,27.332263946533203,0.9200906753540039,0.026257053017616272,0.0018483053427189589,0.04299192183095516,6.880178226551276,8.17519309586323,34.36700439453125,50.127750396728516,0.9781266450881958
000310,19.045869827270508,0.5643066763877869,0.07137936353683472,0.012456993572413921,0.11161090256965903,5.881914505019083,6.210114095455753,17.57440185546875,11.409727096557617,0.8219484686851501
000339,14.465113639831543,0.8497230410575867,0.1793520450592041,0.035767510533332825,0.18912300371274993,6.316102350667245,8.722553648890194,42.13275146484375,56.85240173339844,0.9663963317871094
000340,16.022390365600586,0.3131824731826782,0.07442983984947205,0.024989694356918335,0.1580812903442983,5.461283988436632,5.429461596447065,16.26727294921875,9.446375846862793,0.6609241962432861
000356,26.433629989624023,0.8258654475212097,0.023703105747699738,0.0022731968201696873,0.047678053863068774,6.369382384319544,8.300421908606717,37.06268310546875,47.91780471801758,0.8276888132095337
000382,15.275396347045898,0.614498496055603,0.09940946102142334,0.029679760336875916,0.17227814816997516,5.853402911134461,6.358999887250349,9.21722412109375,15.537590980529785,0.7009323239326477
000412,13.23196792602539,0.2897420823574066,0.1304304301738739,0.047511987388134,0.21797244639663518,7.406813570227905,7.172225565347155,53.99066162109375,59.702545166015625,0.7716271281242371
000425,20.758092880249023,0.6345803141593933,0.046968113631010056,0.008398286998271942,0.0916421682320532,5.785559125725473,6.98321568799557,6.60687255859375,17.428150177001953,0.7856795787811279
000446,27.827890396118164,0.8761360049247742,0.024157583713531494,0.0016489641275256872,0.04060743931259009,5.693843795267513,5.368887612054793,11.07940673828125,29.840723037719727,0.9637537598609924
000453,16.15842628479004,0.21310321986675262,0.10908930003643036,0.024219071492552757,0.1556247778875612,6.148741890124405,4.554040326965641,16.07366943359375,20.31769371032715,0.7663179039955139
000466,16.986173629760742,0.5977998971939087,0.057100456207990646,0.020016252994537354,0.1414788075809849,6.92321647940737,4.4784296136256,0.39886474609375,29.439237594604492,0.8227736949920654
000467,18.284923553466797,0.5421562194824219,0.08150976896286011,0.014842525124549866,0.1218299024236245,6.925155672080633,5.956199319157919,7.53216552734375,13.390185356140137,0.8117886185646057
000470,23.150936126708984,0.425489604473114,0.04411006718873978,0.004840683192014694,0.06957501844782145,4.863902295918321,6.396180965514409,51.83795166015625,59.75959396362305,0.944969117641449
000475,15.807499885559082,0.44097137451171875,0.08967933058738708,0.02625729888677597,0.16204104074824985,7.742701876038716,4.488554774597452,11.24957275390625,21.725337982177734,0.742601215839386
000479,26.846933364868164,0.7216023206710815,0.02890007756650448,0.00206683948636055,0.045462506380099084,6.313610016519579,4.395286444963408,10.80364990234375,17.353626251220703,0.9853948950767517
000487,15.291915893554688,0.25318917632102966,0.09341947734355927,0.029567085206508636,0.171950822058252,6.22071485825009,5.0568686587985905,15.04193115234375,30.964998245239258,0.6984299421310425
000502,26.80487632751465,0.8032819032669067,0.03183220326900482,0.002086952794343233,0.04568317846147784,6.871108906046565,9.124743981852815,58.48236083984375,64.31809997558594,0.9634301066398621
000513,17.97325897216797,0.7524209022521973,0.07396815717220306,0.01594681851565838,0.12628071315786263,5.122579554454227,6.5743316705199275,9.27703857421875,14.639245986938477,0.7992232441902161
000514,18.185848236083984,0.8362626433372498,0.027718152850866318,0.01518501341342926,0.12322748643638423,5.561654176313242,5.804209280192538,10.26702880859375,18.565309524536133,0.8239973783493042
000523,15.287747383117676,0.6973945498466492,0.0906917154788971,0.029595477506518364,0.17203336160907384,6.516346965637911,6.343857922960079,28.34417724609375,23.782045364379883,0.7461715936660767
000525,28.98996353149414,0.8403289318084717,0.02711164578795433,0.001261838129721582,0.03552236098180387,7.001115348258656,9.403627792901087,55.5771484375,61.953365325927734,0.981349766254425
000536,19.382177352905273,0.6650504469871521,0.05599220097064972,0.011528752744197845,0.10737202961757707,6.557484675741519,5.376129220204696,18.01141357421875,19.56682777404785,0.816744327545166
000540,19.0681095123291,0.4997684955596924,0.06707791984081268,0.012393358163535595,0.1113254605359241,6.983210789205166,4.710759530733496,42.80682373046875,28.31406593322754,0.8467257022857666
000569,21.163467407226562,0.4518081843852997,0.04876571148633957,0.0076498533599078655,0.08746344013305139,6.2073082433202975,4.319856889532777,15.07647705078125,13.927141189575195,0.8469420671463013
000587,28.71440887451172,0.8141958117485046,0.0280534029006958,0.0013444953365251422,0.036667360643017954,7.37547456841237,7.529496108141538,48.52581787109375,58.59563446044922,0.9792676568031311
000589,14.873518943786621,0.4352414011955261,0.09044356644153595,0.03255728259682655,0.1804363671681143,7.624162271425644,6.154793843103327,21.81964111328125,21.96918487548828,0.7492530941963196
000592,18.476482391357422,0.5482184886932373,0.054821621626615524,0.014202075079083443,0.11917245939848453,6.99582376091052,5.484891923264009,34.56341552734375,42.37389373779297,0.7994104623794556
000598,18.940216064453125,0.4216412305831909,0.06267280876636505,0.012763753533363342,0.11297678316080408,6.652699533899187,4.155942048173783,24.15765380859375,27.483394622802734,0.8232730031013489
000610,29.907705307006836,0.6909157633781433,0.015275492332875729,0.0010214787907898426,0.03196058182808696,2.271928269722544,9.32336227154452,47.86102294921875,62.91916275024414,0.9593034386634827
000612,14.040800094604492,0.5911234617233276,0.07735437154769897,0.03943846374750137,0.19859119755795163,6.500839133582725,6.913752553184759,10.40032958984375,15.626653671264648,0.7232587933540344
000614,26.00827407836914,0.7506375312805176,0.03834467753767967,0.002507105004042387,0.050070999630947924,6.560682873219731,7.667569458294171,55.81494140625,58.009029388427734,0.9631662368774414
000615,18.02967071533203,0.550523042678833,0.06789838522672653,0.015741027891635895,0.12546325315260998,6.847568863262374,4.399586321903511,16.13226318359375,17.780223846435547,0.8125471472740173
000621,20.574687957763672,0.8593721389770508,0.08521922677755356,0.008760545402765274,0.09359778524497935,7.690908061421382,5.856451723842347,30.37322998046875,21.27674102783203,0.9761139750480652
000631,15.759825706481934,0.25513315200805664,0.11090177297592163,0.026547126471996307,0.16293288947292472,6.263319209222384,4.472295920786265,20.92999267578125,22.99121856689453,0.761323869228363
000632,30.72905731201172,0.8946813344955444,0.008414816111326218,0.000845462316647172,0.029076834708186033,6.697336003938056,6.503653088022585,10.65814208984375,19.07590103149414,0.8873958587646484
000634,18.277647018432617,0.2564108371734619,0.08138307183980942,0.01486741192638874,0.12193199713934297,5.2329984218552905,4.861054923769828,26.88275146484375,27.941619873046875,0.8227311372756958
000637,20.497400283813477,0.6164886355400085,0.04326361417770386,0.008917845785617828,0.09443434642977008,5.7832222422834505,5.30524322000089,35.09368896484375,26.22581672668457,0.8523234724998474
000655,15.0801420211792,0.3564473092556,0.09646259248256683,0.03104458376765251,0.1761947325195975,6.491355153783102,6.8053669036067905,22.72430419921875,38.60555648803711,0.6668086051940918
000672,19.501497268676758,0.38121557235717773,0.06093614548444748,0.011216320097446442,0.10590712958741938,6.125545517338391,3.904923117350176,31.20574951171875,27.840476989746094,0.8517759442329407
000676,20.89481544494629,0.5777214765548706,0.0547344908118248,0.008138014934957027,0.09021094686875328,7.82256111683511,6.337117265210259,26.08026123046875,23.222423553466797,0.8978874087333679
000698,30.317384719848633,0.9189614057540894,0.014144886285066605,0.0009295257623307407,0.030488124939568532,7.216994361815006,9.390795117911033,48.72210693359375,62.444217681884766,0.98728346824646
000712,19.976306915283203,0.3663368225097656,0.05026841163635254,0.010054707527160645,0.10027316454146964,5.26076452548416,4.87084069288923,23.33587646484375,19.349201202392578,0.7700982689857483
000729,34.68513870239258,0.9329404830932617,0.007172147743403912,0.00034000579034909606,0.018439245926802322,6.318524458067626,7.562780325960382,27.54364013671875,46.67359161376953,0.9943153262138367
000738,17.119266510009766,0.4771888256072998,0.06831073760986328,0.01941213570535183,0.13932744060432542,5.965472190515866,6.127657689912477,1.98577880859375,16.75313377380371,0.7557142376899719
000756,29.001869201660156,0.7048088908195496,0.027104154229164124,0.001258383970707655,0.0354737081612235,6.970198159016714,7.104242189545065,22.84320068359375,32.45405578613281,0.9674643874168396
000788,20.03369140625,0.5347002744674683,0.05315811559557915,0.009922729805111885,0.09961289979270699,6.578219677253375,4.92123064752886,9.56072998046875,20.6601505279541,0.879981279373169
000792,22.635860443115234,0.8128304481506348,0.042313262820243835,0.0054502179846167564,0.07382559166452211,6.641306028164341,7.110542228273986,34.10687255859375,86.36407470703125,0.9727749824523926
000795,16.348108291625977,0.4728836417198181,0.08725475519895554,0.023184046149253845,0.15226308202993213,6.444557996061818,6.452184677133494,16.71624755859375,32.70705795288086,0.6973376274108887
000796,18.912220001220703,0.9251580238342285,0.10820034146308899,0.012846296653151512,0.1133415045477671,6.956978260140151,11.451373566268954,56.48004150390625,66.16544342041016,0.9928255081176758
000798,14.692154884338379,0.18047665059566498,0.11484851688146591,0.03394567593932152,0.1842435234664207,5.9405757739609175,5.11861913057009,16.71649169921875,10.034770965576172,0.6477983593940735
000818,18.472362518310547,0.9493564963340759,0.11374209821224213,0.014215558767318726,0.11922901814289474,4.873137485560327,8.047245247643058,32.94903564453125,39.63648223876953,0.9873834252357483
000820,21.367170333862305,0.6174200773239136,0.03899731487035751,0.007299327757209539,0.08543610335923298,7.26928124954593,6.519089671593644,3.88922119140625,15.450596809387207,0.9096436500549316
000828,23.866626739501953,0.45414113998413086,0.03986690193414688,0.004105227999389172,0.06407205318537226,4.615423712553934,6.095241139152967,48.86224365234375,59.750038146972656,0.9515588879585266
000836,17.74484634399414,0.5353221297264099,0.07445324957370758,0.016807977110147476,0.12964558268659784,7.40253987336371,7.133208770081239,16.81048583984375,17.603025436401367,0.7800728678703308
000837,20.62005043029785,0.3134366273880005,0.05599353462457657,0.008669520728290081,0.09311026113318596,5.159453406070293,5.681217443171969,46.08001708984375,43.067108154296875,0.8466739058494568
000879,17.540693283081055,0.6091784238815308,0.09675957262516022,0.017616955563426018,0.13272887991475713,7.272542259938562,5.4472779736885055,17.18963623046875,24.731531143188477,0.8382641673088074
000886,14.949234008789062,0.4364100694656372,0.06971228122711182,0.031994596123695374,0.1788703332688106,6.861616523412125,4.159244011486655,11.08294677734375,41.4998779296875,0.7720867991447449
000899,20.5631160736084,0.6352065801620483,0.0455997958779335,0.008783922530710697,0.0937225828213814,7.404121371954075,5.888390691849133,19.65399169921875,18.38785171508789,0.8232241272926331
000903,27.84347152709961,0.8038535118103027,0.017848078161478043,0.001643058261834085,0.04053465507234624,4.316849269488544,5.813297326016215,51.57733154296875,57.59352493286133,0.9685510396957397
000904,16.61092758178711,0.24620333313941956,0.07725797593593597,0.02182263694703579,0.14772486908789526,5.710036426616512,4.899140355418162,19.11627197265625,13.523451805114746,0.7065861821174622
000906,27.639808654785156,0.8529080152511597,0.01834964007139206,0.0017219451256096363,0.041496326652001814,6.859909215255691,5.977682280559354,30.98760986328125,46.58244323730469,0.9865109324455261
000908,11.034531593322754,0.06370716542005539,0.22988522052764893,0.07880373299121857,0.2807200259889176,6.3188371707348026,4.953031515535755,24.15948486328125,15.598236083984375,0.607637882232666
000921,14.197444915771484,0.776328444480896,0.059982310980558395,0.03804131597280502,0.1950418313408819,3.9267143417516315,7.3077579755469975,3.37664794921875,15.738335609436035,0.7833873629570007
000933,14.301177978515625,0.5869181156158447,0.11031659692525864,0.037143439054489136,0.1927263320215718,7.4357221176937855,6.935416444683929,16.27655029296875,18.917367935180664,0.6720117926597595
000963,18.18201446533203,0.774405837059021,0.08105999231338501,0.015198424458503723,0.1232818902292779,7.1435976725539625,7.543394465133423,29.99774169921875,58.539794921875,0.9222644567489624
000983,22.15854263305664,0.6180183291435242,0.03870294988155365,0.006083394400775433,0.07799611785707948,6.044122478449238,4.434916825570136,12.73089599609375,28.091150283813477,0.9143808484077454
000999,22.505672454833984,0.6738036870956421,0.05105966329574585,0.005616076290607452,0.07494048499047395,6.904979508001282,5.703829598653923,6.72869873046875,31.451534271240234,0.7522847652435303
001002,18.52878189086914,0.5808417797088623,0.04857296869158745,0.014032075181603432,0.11845706049705704,6.717295862536462,7.091417221966967,16.97796630859375,33.536190032958984,0.7896615862846375
001013,28.64130973815918,0.9583956599235535,0.015450148843228817,0.0013673172798007727,0.036977253545940544,7.5524697083293715,9.216049401033544,46.34832763671875,59.23871994018555,0.9570020437240601
001025,17.529417037963867,0.42829328775405884,0.07993562519550323,0.01766274869441986,0.13290127423926326,7.392179696653842,7.3883010136094756,32.99420166015625,31.177919387817383,0.7356454133987427
001026,18.67702293395996,0.9297709465026855,0.10058586299419403,0.013561188243329525,0.1164525149721101,7.0250642613800505,4.278387102885972,23.13726806640625,17.76903533935547,0.9659911394119263
001030,16.220460891723633,0.20589439570903778,0.0957622155547142,0.023875579237937927,0.15451724576220588,6.204260244696489,4.359747299166042,16.17596435546875,15.154263496398926,0.7187716364860535
001039,22.865310668945312,0.5318983793258667,0.03628572076559067,0.005169742740690708,0.07190092308649944,5.931600825127159,4.7356404181511405,46.35882568359375,39.835731506347656,0.8858132362365723
001069,16.67489242553711,0.22586147487163544,0.10628064721822739,0.02150358259677887,0.14664099903089473,6.664850715083357,5.854157853096053,11.84552001953125,11.822409629821777,0.733219563961029
001102,30.424823760986328,0.8608521819114685,0.01959281787276268,0.000906812958419323,0.030113335225765394,5.627746029787635,8.374416506128846,26.69158935546875,34.49797821044922,0.8544727563858032
001106,18.213830947875977,0.7566840052604675,0.06795568764209747,0.015087489038705826,0.12283114034602881,6.70433428952286,6.712518440815059,12.31658935546875,9.464803695678711,0.7902423739433289
001117,17.30191993713379,0.35814374685287476,0.05729367956519127,0.01861264556646347,0.13642816998869212,5.660115750207097,6.851778642407244,39.18548583984375,55.730281829833984,0.7571186423301697
001148,16.78677749633789,0.2534257769584656,0.08172331750392914,0.02095666527748108,0.1447641712492462,6.659156227307517,5.087137190516066,15.05377197265625,12.382268905639648,0.719170331954956
001149,22.789762496948242,0.7861689329147339,0.03979954123497009,0.005260460078716278,0.07252902921393804,7.367022849529622,5.934775314994669,20.65203857421875,46.49396514892578,0.8426133394241333
001154,13.169751167297363,0.2649472951889038,0.1250779926776886,0.048197537660598755,0.21953937610505947,7.0570230892428265,4.2183771230027505,36.00750732421875,39.62178039550781,0.6717170476913452
001157,22.163970947265625,0.46197670698165894,0.05301223695278168,0.00607579480856657,0.07794738487317307,6.599593665838874,5.71005592259657,44.69842529296875,47.054203033447266,0.9279308915138245
001162,18.731481552124023,0.6626595258712769,0.055488359183073044,0.013392198830842972,0.11572466820364175,7.029363795096392,6.0923627050632465,13.90814208984375,19.896982192993164,0.7992366552352905
001178,24.52406120300293,0.6867365837097168,0.032281726598739624,0.0035285293124616146,0.0594014251719739,6.200750999384668,5.714597196306491,23.35394287109375,19.002124786376953,0.9551562070846558
001190,17.427696228027344,0.4505053460597992,0.10095131397247314,0.018081335350871086,0.13446685595666721,7.248857617908651,5.0788438892463,7.07196044921875,11.115349769592285,0.8309451341629028
001193,29.334678649902344,0.6857163310050964,0.023090099915862083,0.0011655539274215698,0.03414020983271148,6.032005562152994,7.289318919467265,30.05889892578125,38.247859954833984,0.9311732649803162
001194,17.49793815612793,0.30706536769866943,0.09274103492498398,0.017791245132684708,0.13338382635344026,6.69841799477696,4.885799449254685,16.40643310546875,26.20983123779297,0.8729910850524902
001215,14.535274505615234,0.22350995242595673,0.11030663549900055,0.03519431874155998,0.18760148917735164,7.0408962437066815,7.373983309423091,53.85211181640625,63.68956756591797,0.7282189726829529
001229,14.004741668701172,0.10300350189208984,0.1258021891117096,0.039767272770404816,0.19941733317443802,5.729329451382208,4.7744702988008,26.30096435546875,25.780681610107422,0.665571391582489
001231,36.9800910949707,0.9832353591918945,0.004314119927585125,0.00020044308621436357,0.014157792420231467,6.375024228226647,11.5547223113663,49.40386962890625,66.5766830444336,0.9953587651252747
001240,16.56682586669922,0.4429957866668701,0.07164151966571808,0.022045373916625977,0.1484768463991136,7.04076637207999,6.7604341667478005,10.37933349609375,24.27134895324707,0.69954514503479
001245,20.823843002319336,0.8601874113082886,0.06495391577482224,0.008272097446024418,0.09095107171454561,7.152560009183735,5.292918317107025,23.52703857421875,35.40623474121094,0.9510870575904846
001258,17.681730270385742,0.5852000117301941,0.08463015407323837,0.017054032534360886,0.13059108903122327,7.445772766360848,4.689054531317211,23.40130615234375,22.28467559814453,0.8122008442878723
001263,30.663816452026367,0.8232027888298035,0.018898271024227142,0.0008582592708989978,0.029296062378739534,6.599363657895614,4.45210175828493,4.45855712890625,15.196025848388672,0.9909881353378296
001266,19.562519073486328,0.44631606340408325,0.04728032276034355,0.011059818789362907,0.10516567305619694,5.685460553163364,5.5513319344803,21.60467529296875,16.23198699951172,0.7668402791023254
001284,32.024906158447266,0.9195681810379028,0.00695944856852293,0.0006273495382629335,0.025046946685433207,6.126950628664941,7.285393966869372,32.26007080078125,51.39253616333008,0.9843381643295288
001294,16.18221664428711,0.3287442922592163,0.08213271200656891,0.024086762219667435,0.15519910508655466,6.3926337622735145,5.065099953182903,35.22137451171875,33.22069549560547,0.7126622796058655
001318,15.144485473632812,0.2066468447446823,0.10525601357221603,0.03058803454041481,0.17489435251149424,6.851236161189654,4.372709323666663,37.39593505859375,53.92372131347656,0.7087544202804565
001323,19.937213897705078,0.5230517387390137,0.0532970055937767,0.010145623236894608,0.10072548454534536,5.952217272139828,7.630340791776522,10.28753662109375,19.576923370361328,0.8241154551506042
001335,16.66727066040039,0.5129132866859436,0.05376843735575676,0.021541357040405273,0.14676974156959355,5.931877715026343,4.945790835593808,18.61907958984375,38.16543197631836,0.7674028873443604
001364,19.36272430419922,0.3671160638332367,0.0701301246881485,0.01158050261437893,0.10761274373594852,5.675910203715954,4.053154258199155,20.96612548828125,19.545377731323242,0.8304229974746704
001391,19.21817970275879,0.6979341506958008,0.04764227196574211,0.011972423642873764,0.1094185708318006,5.9317086074922445,5.908261325186673,25.89837646484375,33.85600280761719,0.7903915643692017
001392,15.838119506835938,0.14249026775360107,0.118839792907238,0.026072822511196136,0.16147081009023315,6.318089151958873,4.968299897503233,21.74249267578125,11.517228126525879,0.6659861207008362
001399,23.19199562072754,0.4078716039657593,0.04445987939834595,0.004795132204890251,0.06924689310640768,4.2716648371175285,6.907246777807481,52.96478271484375,79.03356170654297,0.9386232495307922
001403,17.908349990844727,0.24234263598918915,0.08025555312633514,0.016186952590942383,0.12722795522581656,6.744755086005825,5.607569824101251,19.41473388671875,27.59518051147461,0.767401933670044
001404,24.042299270629883,0.6769665479660034,0.029320677742362022,0.003942487761378288,0.06278923284591306,6.272266856339229,5.907114837954549,47.07098388671875,78.32597351074219,0.9668706059455872
001423,15.103889465332031,0.5014444589614868,0.08799920976161957,0.030875295400619507,0.17571367448385886,6.91549668817129,5.876375002091533,21.12957763671875,16.186546325683594,0.7018560171127319
001425,19.10438346862793,0.9635218381881714,0.09114905446767807,0.01229027844965458,0.11086152826681842,6.605869613482771,6.901319465361523,14.06524658203125,17.39109992980957,0.967090368270874
001435,17.998598098754883,0.3747265338897705,0.061022013425827026,0.015854043886065483,0.12591284241913325,6.414633599541983,5.023589401253619,21.93292236328125,26.982460021972656,0.7644930481910706
001441,13.375710487365723,0.21885119378566742,0.11301632970571518,0.04596519097685814,0.21439494158411979,6.6280167443622515,5.562090691329677,37.82708740234375,54.97468185424805,0.6788412928581238
001450,14.815530776977539,0.22559651732444763,0.13953861594200134,0.03299490734934807,0.18164500364542943,6.455252280700591,4.940125630858442,32.19354248046875,40.629119873046875,0.8022541999816895
001477,25.498489379882812,0.8346028327941895,0.019725993275642395,0.002819362562149763,0.0530976700256213,5.248022499950012,7.231750742924498,60.18743896484375,84.94410705566406,0.9739833474159241
001495,16.542278289794922,0.37510237097740173,0.07960920035839081,0.02217033877968788,0.14889707444972813,6.121088630061008,6.32797508380346,7.34027099609375,18.87428092956543,0.69725501537323
001499,27.924205780029297,0.8242607116699219,0.029777273535728455,0.0016127964481711388,0.04015963705228346,7.024894610759313,6.9004595700873415,37.12994384765625,30.66038703918457,0.9731867909431458
001501,16.630399703979492,0.22395390272140503,0.09120003879070282,0.021725013852119446,0.14739407671992605,6.395662952101614,4.4799883038311785,34.25372314453125,38.89268493652344,0.7841456532478333
001506,30.77413558959961,0.985930860042572,0.01910932920873165,0.0008367323316633701,0.028926325927489827,6.883027303297429,11.383413247161478,54.429443359375,66.59478759765625,0.9932052493095398
001511,16.489673614501953,0.49379080533981323,0.08219485729932785,0.022440504282712936,0.14980154966726125,6.799277095114482,5.1436349206738115,28.51336669921875,32.43470001220703,0.7103232145309448
001522,26.588733673095703,0.6359156370162964,0.03541819378733635,0.0021934451069682837,0.04683423007767165,5.939189771931636,7.523676543201674,47.79583740234375,51.995323181152344,0.9661726951599121
001547,17.32558822631836,0.33384037017822266,0.08383660018444061,0.01851148158311844,0.13605690567963993,5.923543638762535,4.330962327938754,22.75653076171875,17.698495864868164,0.7457268238067627
001554,29.471599578857422,0.6495395302772522,0.02577403001487255,0.0011293800780549645,0.03360625058013709,6.359620301532674,9.098672992074889,50.81512451171875,57.291690826416016,0.962666928768158
001580,15.29431438446045,0.25397932529449463,0.10680072754621506,0.02955075353384018,0.17190332612791465,6.810712280331912,4.811179315223954,40.46234130859375,28.365840911865234,0.6345645189285278
001586,21.872222900390625,0.8462327718734741,0.021657831966876984,0.006497971713542938,0.08060999760292105,5.442151114166095,6.8002235589965006,47.87127685546875,41.70915985107422,0.931134045124054
001589,16.6312198638916,0.24794892966747284,0.08588455617427826,0.021720916032791138,0.14738017516881685,6.485282646553284,5.492861120583715,5.52923583984375,9.085386276245117,0.6633822917938232
001597,14.18145751953125,0.844160258769989,0.18278735876083374,0.0381816141307354,0.19540116205062702,5.4706237039738586,8.846517482461348,19.87054443359375,42.710750579833984,0.9673542976379395
001619,15.899897575378418,0.20843395590782166,0.1107281744480133,0.02570456825196743,0.16032644277213734,5.299703826095795,5.774591611263879,31.33343505859375,18.101247787475586,0.6822148561477661
001629,30.496702194213867,0.8877114057540894,0.017079629004001617,0.0008919280953705311,0.029865165249342438,6.862530165837087,4.30505750529703,23.93988037109375,20.09281349182129,0.9932484030723572
001642,14.499666213989258,0.33046960830688477,0.09882591664791107,0.03548407182097435,0.18837216307346039,6.97598603276229,6.156542775574096,24.58953857421875,38.11909103393555,0.7283520698547363
001643,25.160768508911133,0.666329026222229,0.029887299984693527,0.00304735591635108,0.055202861486983446,5.798499227550201,5.178950910963311,36.95330810546875,55.17827224731445,0.9653078317642212
001646,16.83808135986328,0.42192861437797546,0.07967087626457214,0.02071056142449379,0.1439116445062518,7.321672934040459,6.7778122332767445,19.07757568359375,18.350252151489258,0.7468872666358948
001653,31.814308166503906,0.8804065585136414,0.015964170917868614,0.0006585203809663653,0.025661651953184254,6.936089792938068,4.808239963187469,2.08148193359375,13.330873489379883,0.995073676109314
001664,13.064955711364746,0.2559255361557007,0.14289897680282593,0.04937471076846123,0.22220420961012693,7.155540574368627,4.860060806325722,28.96124267578125,30.359729766845703,0.6529543399810791
001670,26.62538719177246,0.8474957346916199,0.03616420552134514,0.002175009809434414,0.04663700043350144,7.3254400669628295,9.562513009303677,62.41400146484375,67.20841217041016,0.9698242545127869
001672,16.05938720703125,0.22632130980491638,0.09778448939323425,0.024777714163064957,0.15740938397397075,5.499494753101221,4.0391506508072315,16.89910888671875,17.211206436157227,0.7259756922721863
001675,22.20888900756836,0.8730289936065674,0.01881534606218338,0.006013278849422932,0.07754533415636902,5.43271749210329,6.407821201544192,42.79974365234375,58.0423583984375,0.8896657228469849
001689,25.805164337158203,0.7934974431991577,0.03756575658917427,0.0026271434035152197,0.0512556670380478,4.974078344003942,6.7060083723072434,24.53070068359375,13.100557327270508,0.8879328966140747
001699,27.20960807800293,0.49927979707717896,0.03344259783625603,0.0019012505654245615,0.043603332044977496,6.417692084260415,9.965501365160087,55.62994384765625,62.219459533691406,0.9316424131393433
001707,16.40239906311035,0.6309157609939575,0.08445452153682709,0.02289602719247341,0.15131433240930423,6.526305214956845,5.331655809314866,21.02911376953125,21.42951774597168,0.8233397006988525
001709,30.99498748779297,0.7725071907043457,0.0206386037170887,0.0007952458108775318,0.02820010302955526,6.215122429734939,10.052285765291415,43.74969482421875,56.62442398071289,0.9781960844993591
001710,17.13558578491211,0.3484572768211365,0.08080482482910156,0.01933933049440384,0.13906592139846427,7.367172602630014,4.0432876313753825,28.38616943359375,32.16203689575195,0.7898536920547485
001723,17.174528121948242,0.25189149379730225,0.08209758251905441,0.019166696816682816,0.1384438399376542,6.727770554235883,6.608469965454927,48.80096435546875,61.76527786254883,0.7965071201324463
001724,16.104185104370117,0.5091186165809631,0.10332624614238739,0.02452344447374344,0.15659963114178602,7.835706906940674,4.809309273869741,39.17388916015625,43.361297607421875,0.8170050382614136
001739,34.7667350769043,0.9747368693351746,0.0045637465082108974,0.00033367727883160114,0.018266835490352486,6.745847754723471,9.568398684781759,45.7578125,62.975852966308594,0.9927300810813904
001766,17.339401245117188,0.5590199828147888,0.0666290894150734,0.01845269650220871,0.13584070267121232,6.740234503346636,7.185104722153855,29.86468505859375,23.82761001586914,0.8198634386062622
001782,14.73755931854248,0.30741482973098755,0.09069761633872986,0.03359263762831688,0.18328294418280408,6.656299553910582,5.527730258228002,25.29583740234375,43.13774108886719,0.7059983015060425
001786,18.71921157836914,0.4569304883480072,0.05227726697921753,0.013430090621113777,0.11588826783205355,6.858956455773992,5.665761991185826,13.71063232421875,21.633678436279297,0.8517923951148987
001835,30.653879165649414,0.8880186080932617,0.015943028032779694,0.0008602250600233674,0.02932959358776332,6.793715574986529,5.984837848426643,-1.35076904296875,25.628137588500977,0.987156331539154
001856,19.410938262939453,0.4670764207839966,0.05781243368983269,0.011452656239271164,0.10701708386641436,6.403461578272992,4.691641368263477,14.11810302734375,16.3718204498291,0.7787772417068481
001864,19.8022403717041,0.43553873896598816,0.06042783707380295,0.010465889237821102,0.10230292878418047,6.743891685809932,3.923774409702242,22.16741943359375,46.33802032470703,0.8916958570480347
001875,18.82749366760254,0.5379468202590942,0.0546954870223999,0.01309937983751297,0.11445252219812795,7.21857641900322,6.386597747073067,25.18829345703125,17.717575073242188,0.7800580859184265
001876,25.68141746520996,0.7309201955795288,0.023086391389369965,0.002703075995668769,0.05199111458382835,4.331866638908469,7.034738723936743,60.52362060546875,84.93567657470703,0.9512372612953186
001878,20.445119857788086,0.4261292815208435,0.052339743822813034,0.009025849401950836,0.09500447043140042,6.037360592601594,5.827850680989846,22.92181396484375,14.134306907653809,0.8057327270507812
001881,19.261777877807617,0.5221584439277649,0.04596463963389397,0.011852833442389965,0.10887071893943737,7.237801090132117,5.530731864006486,18.92401123046875,36.661434173583984,0.8736662864685059
001883,11.689520835876465,0.2513590455055237,0.15631842613220215,0.06777162849903107,0.2603298455787025,7.093716542325334,5.145036130461929,31.72918701171875,30.15546417236328,0.6339179277420044
001885,27.254356384277344,0.9263709783554077,0.01718125492334366,0.0018817605450749397,0.0433792639987695,7.620895478184632,9.635430870245663,48.11846923828125,58.1296272277832,0.9282649755477905
001886,16.78515625,0.2352210134267807,0.09235962480306625,0.020964503288269043,0.1447912403713327,6.057052939712988,5.43263269193079,19.83978271484375,13.145035743713379,0.7048082947731018
001893,17.844871520996094,0.5946907997131348,0.059662412852048874,0.016425281763076782,0.1281611554375068,7.032683402106145,2.744407417206219,17.28851318359375,25.76744842529297,0.8835203051567078
001899,19.834299087524414,0.5146762728691101,0.05826064199209213,0.01038891077041626,0.10192600634978426,6.7608210081931475,6.493619965853281,24.33624267578125,12.35886001586914,0.8152496218681335
001908,33.19352722167969,0.9540359973907471,0.013775860890746117,0.00047934422036632895,0.021893931130939664,6.668361250752891,10.327844233666427,52.714599609375,65.5225830078125,0.9900763630867004
001927,16.19843101501465,0.23829810321331024,0.12031643092632294,0.023996997624635696,0.1549096434204007,6.201311810066695,6.120968647705281,10.15533447265625,18.16817855834961,0.7953221201896667
001936,29.773942947387695,0.9268820285797119,0.024211183190345764,0.0010534301400184631,0.032456588545601385,6.631782805816014,10.645709077304438,57.76629638671875,65.83219909667969,0.9860180020332336
001948,19.18935775756836,0.3517579436302185,0.06208650767803192,0.01205214112997055,0.10978224414708669,7.128901777436502,6.101142249808039,-0.06353759765625,25.08968162536621,0.8221570253372192
001951,16.27560806274414,0.37803083658218384,0.06701227277517319,0.023574328050017357,0.15353933714204107,6.1534869867669695,4.75264001797221,26.24432373046875,46.4431037902832,0.715176522731781
001955,16.14354133605957,0.6263377070426941,0.08329017460346222,0.024302218109369278,0.1558916871079702,6.7767903344586085,7.6109432368575884,15.75177001953125,10.073806762695312,0.8448554277420044
001962,29.696979522705078,0.7639753818511963,0.01803611032664776,0.0010722646256908774,0.03274545198483107,4.799141329114938,5.736626960855013,42.47930908203125,28.286453247070312,0.9885597825050354
001965,15.369260787963867,0.14387580752372742,0.10715058445930481,0.02904517576098442,0.1704264526444895,6.938239522574526,5.307292332229192,18.48626708984375,11.477904319763184,0.6914873719215393
001978,24.46115493774414,0.5872756242752075,0.045642293989658356,0.0035800128243863583,0.05983320837450018,5.677268199509438,5.864801156976396,3.66986083984375,37.5522346496582,0.9488176703453064
001992,15.783205032348633,0.7132644057273865,0.06824207305908203,0.026404595002532005,0.1624949076203067,6.346242934406358,6.60187829380759,21.28436279296875,16.35576820373535,0.7694886326789856
002000,24.532129287719727,0.9533998370170593,0.0339604988694191,0.0035219823475927114,0.05934629177625769,5.935210925091253,5.6150282540657654,9.73724365234375,13.049593925476074,0.9721696376800537
002023,20.38650131225586,0.6403999328613281,0.05614377185702324,0.009148498997092247,0.09564778615886646,6.107586045700431,6.9716944053969225,3.57855224609375,14.061005592346191,0.7801299691200256
002035,28.024810791015625,0.8556642532348633,0.02808069810271263,0.0015758642693981528,0.03969715694351615,6.484034111144471,7.320100598449165,37.31805419921875,53.448970794677734,0.9934085607528687
002036,17.35821533203125,0.23466531932353973,0.08583059161901474,0.01837293803691864,0.1355468112384745,6.177472497014186,4.731350102850092,20.69256591796875,25.71673011779785,0.7962402105331421
002049,16.72606658935547,0.5538403987884521,0.06190524622797966,0.02125169336795807,0.14577960545960492,6.801524497958512,4.762437323034079,33.38629150390625,46.11357498168945,0.764362633228302
002086,14.600963592529297,0.6040312647819519,0.08382274955511093,0.03466600179672241,0.1861880817794802,6.595785621016092,5.014510235771531,15.62127685546875,15.132210731506348,0.696281909942627
002088,18.437286376953125,0.5455584526062012,0.04822106659412384,0.014330832287669182,0.11971145428767116,7.08389921740917,4.725107829039296,2.09014892578125,31.433042526245117,0.7993953824043274
002108,15.686744689941406,0.5833746790885925,0.10608024895191193,0.026997631415724754,0.16430955972104835,6.032065849338628,5.216501301140123,11.64251708984375,13.124765396118164,0.688910722732544
002136,28.962909698486328,0.9641257524490356,0.0158444382250309,0.0012697235215455294,0.03563318006501145,5.381230537862807,7.388498888831658,64.03900146484375,60.50106430053711,0.9856052398681641
002141,20.1044864654541,0.5367546081542969,0.05653057247400284,0.009762284345924854,0.09880427291329487,6.534614440605724,5.489796307255373,32.30389404296875,11.744691848754883,0.8623588681221008
002142,26.849773406982422,0.6139346957206726,0.034287333488464355,0.002065487904474139,0.04544763915182107,5.9040067760310135,7.362875753434064,45.51837158203125,48.79899597167969,0.9634761214256287
002148,16.967727661132812,0.35802382230758667,0.09856796264648438,0.02010144293308258,0.1417795575288715,7.465299949516106,6.193817717501571,57.88348388671875,43.59961700439453,0.7257789373397827
002150,29.935522079467773,0.6632918119430542,0.023681089282035828,0.0010149574372917414,0.031858396652872246,5.959204873765728,8.586587416831577,32.50482177734375,27.651947021484375,0.9583432078361511
002159,17.81159210205078,0.24825303256511688,0.08836045116186142,0.016551634296774864,0.128653155020679,7.155816618881827,4.6699196447260825,18.01165771484375,13.49908447265625,0.8182811141014099
002164,29.407054901123047,0.8940461874008179,0.012790760956704617,0.0011462903348729014,0.03385690970648239,4.738527056997068,6.104733283096522,23.95794677734375,40.76926040649414,0.9875746369361877
002178,14.890083312988281,0.21289095282554626,0.10388880968093872,0.03243333846330643,0.18009258303246814,6.459217946528926,5.514937399139535,25.57940673828125,16.503698348999023,0.7098994255065918
002188,26.792293548583984,0.7173008918762207,0.03304967284202576,0.0020930073224008083,0.04574939696215469,5.430527687765035,10.085176846454518,41.89605712890625,41.83354187011719,0.9841656684875488
002190,15.005504608154297,0.37387531995773315,0.14475098252296448,0.03158272057771683,0.17771527952800464,7.27701302805612,4.517866665192439,9.32720947265625,31.893890380859375,0.7433438897132874
002192,20.854787826538086,0.5065518617630005,0.04687442630529404,0.008213368244469166,0.09062763510358839,5.608879245078219,4.766793866856755,40.84637451171875,44.36273956298828,0.8640405535697937
002208,14.660181045532227,0.23962150514125824,0.12499251961708069,0.03419652581214905,0.184923026722334,7.603096055489067,3.9535527843496885,25.40924072265625,28.833965301513672,0.7590625882148743
002213,24.01828956604004,0.8377460241317749,0.040728505700826645,0.0039643412455916405,0.06296301490233486,6.996663312917738,4.163863338657686,30.65191650390625,19.770620346069336,0.9505236744880676
002218,14.637516021728516,0.4103391170501709,0.10190741717815399,0.03437546268105507,0.1854062099312077,7.001574682062529,6.076653843570515,21.82073974609375,11.811416625976562,0.7263932824134827
002223,30.916406631469727,0.9591453075408936,0.014937393367290497,0.0008097655372694135,0.028456379553088152,7.098077375953231,11.61270703257068,57.62335205078125,67.35240936279297,0.9460873007774353
002233,15.039886474609375,0.2443327158689499,0.13732698559761047,0.03133368119597435,0.17701322322350482,6.476028760953375,6.388267961135415,18.85089111328125,26.93984603881836,0.8065062761306763
002240,25.78485107421875,0.6355909705162048,0.039080701768398285,0.0026394599117338657,0.051375674319018586,6.6794558042887395,9.816084196710797,59.77154541015625,67.33882904052734,0.952422559261322
002263,16.95557975769043,0.4895284175872803,0.07501387596130371,0.020157750695943832,0.14197799370305186,6.913537942985476,5.300543396626637,24.35272216796875,21.251628875732422,0.75373774766922
002274,22.124109268188477,0.8322103023529053,0.03439120575785637,0.006131814327090979,0.07830590224938973,5.324878380045653,4.967256993630834,5.09393310546875,25.12349510192871,0.9406130313873291
002281,21.5780086517334,0.619978666305542,0.03465487062931061,0.006953428965061903,0.08338722303244006,5.411725711105772,4.794257706268608,24.04473876953125,28.956886291503906,0.8650395274162292
002283,32.93132400512695,0.9668716192245483,0.015770262107253075,0.0005091754137538373,0.022564915549450597,6.058350826890291,7.894121205995427,37.88983154296875,51.7810173034668,0.9925345182418823
002288,14.619129180908203,0.19667772948741913,0.10138402879238129,0.034521304070949554,0.18579909599066824,5.817109570739404,4.28502364038532,23.26202392578125,15.767301559448242,0.6099770665168762
002305,38.987056732177734,0.9915460348129272,0.002758204936981201,0.00012626835086848587,0.011236919100380044,6.325485812158379,11.036196362323517,53.03472900390625,68.4930191040039,0.9969491362571716
002306,21.160842895507812,0.5097579956054688,0.05353143438696861,0.007654478307813406,0.08748987545889757,6.7362423760922345,5.941188911607103,30.78887939453125,13.098830223083496,0.8533790707588196
002310,25.41999626159668,0.7731050252914429,0.032213471829891205,0.002870783908292651,0.053579696791720005,6.505493612574773,8.028839609724418,23.80950927734375,26.19437599182129,0.9791550636291504
002325,14.568609237670898,0.19111065566539764,0.12467633932828903,0.034925222396850586,0.18688291092780684,6.263818577913382,4.583412571743407,21.71612548828125,26.784679412841797,0.6950831413269043
002326,14.060646057128906,0.26567208766937256,0.08953028917312622,0.039258651435375214,0.19813796061172936,6.05114938141391,5.524457181669094,32.04559326171875,49.435760498046875,0.6672055125236511
002332,15.742835998535156,0.22480981051921844,0.11646085232496262,0.026651179417967796,0.16325188947748137,6.608075063580743,4.796775189495806,19.34649658203125,17.63691520690918,0.7897472977638245
002340,31.4455509185791,0.8733258247375488,0.017537562176585197,0.0007168778101913631,0.026774573949763666,7.026695162935177,4.9060512318469325,15.70880126953125,47.1021728515625,0.9908384084701538
002358,14.54566764831543,0.20078611373901367,0.12054076045751572,0.03511020168662071,0.1873771642613387,6.9197791368697175,6.553344211634805,19.61468505859375,38.52320098876953,0.69135981798172
002377,25.615970611572266,0.7461881041526794,0.03303223103284836,0.0027441191487014294,0.05238434068212971,6.530926611281519,6.06953708615712,21.22052001953125,29.711318969726562,0.9824109077453613
002418,20.503948211669922,0.7550575137138367,0.04160138592123985,0.008904416114091873,0.09436321377577109,6.353771483012926,7.004178469428588,2.96038818359375,10.852922439575195,0.8756480813026428
002423,14.076370239257812,0.5988854169845581,0.0804576501250267,0.03911677747964859,0.19777961846370468,6.484170969518431,4.827934354304816,-0.58526611328125,17.812152862548828,0.7225093245506287
002426,18.22234535217285,0.3702731132507324,0.07220747321844101,0.015057936310768127,0.12271078318863476,7.09179978362093,4.575201083591481,34.66363525390625,41.84226989746094,0.8069061636924744
002447,28.42108154296875,0.610109806060791,0.028347890824079514,0.0014384397072717547,0.037926767688161285,5.096702626325271,7.099290586818794,27.48089599609375,32.53500747680664,0.9711982011795044
002457,18.596956253051758,0.48677319288253784,0.06689463555812836,0.013813519850373268,0.11753093146220389,6.448956795225254,6.163059146092998,9.05865478515625,21.380523681640625,0.8195592164993286
002461,13.100252151489258,0.2662731111049652,0.10136809200048447,0.04897504672408104,0.2213030653291568,5.947357549122728,6.154333418792558,33.59149169921875,53.19864273071289,0.64566969871521
002473,19.813884735107422,0.622372031211853,0.048354726284742355,0.010437863878905773,0.10216586454832051,6.714066149069975,6.228088361698141,11.50823974609375,19.010059356689453,0.816474974155426
002474,15.745555877685547,0.335144579410553,0.08354169130325317,0.026634491980075836,0.16320077199595545,7.49912020306051,3.7930542657528368,13.09039306640625,44.11370086669922,0.7624170184135437
002487,18.66431427001953,0.21415072679519653,0.07168295979499817,0.013600933365523815,0.11662303959991703,5.89140645348063,4.971028685765857,17.16510009765625,16.117971420288086,0.8214085102081299
002502,15.24024486541748,0.18919754028320312,0.1046084612607956,0.02992095798254013,0.17297675561340642,6.851928659757274,8.208259533667311,60.73077392578125,64.85684204101562,0.7108043432235718
002508,17.440963745117188,0.248697429895401,0.09543800354003906,0.018026180565357208,0.1342616124041314,6.217132764534998,4.324144669758325,16.27838134765625,18.16864776611328,0.8112319707870483
002509,14.53567886352539,0.317719042301178,0.09408998489379883,0.03519104793667793,0.18759277154698134,6.703614182619544,5.502702638769928,31.32952880859375,49.41971206665039,0.6940601468086243
002534,14.080877304077148,0.31211310625076294,0.11681648343801498,0.03907619044184685,0.19767698510915946,6.213067655063211,5.415937288769848,28.29901123046875,32.25181579589844,0.6623228788375854
002544,35.55891799926758,0.9731778502464294,0.006714373826980591,0.00027804073761217296,0.016674553595589087,4.881697226833868,6.145351867082192,5.27178955078125,17.66701889038086,0.9969383478164673
002545,15.679515838623047,0.17917762696743011,0.09686814993619919,0.027042603120207787,0.16444635331988297,6.220239779438602,4.680799220871346,26.32318115234375,13.018406867980957,0.7201874256134033
002550,41.636878967285156,0.9896862506866455,0.004037586972117424,6.859816494397819e-05,0.008282400916641152,6.528122068719172,6.922577731867295,15.52362060546875,28.316509246826172,0.9982935190200806
002551,19.656982421875,0.3321114480495453,0.060140907764434814,0.010821854695677757,0.1040281437673371,5.907927910233827,4.582511937185825,41.14227294921875,40.94239807128906,0.861034631729126
002553,28.177715301513672,0.6975781321525574,0.029532380402088165,0.0015213483711704612,0.03900446604134533,5.778827688378072,9.51315943743982,52.18695068359375,55.76367950439453,0.9737822413444519
002555,19.386560440063477,0.2743033766746521,0.07190882414579391,0.011517127975821495,0.10731788283329809,6.0543344537303545,3.938625208500035,19.82781982421875,20.159751892089844,0.8463597297668457
002556,15.48845100402832,0.8014348745346069,0.16079843044281006,0.028258882462978363,0.16810378479670934,6.258718716264008,11.199648684477935,54.55950927734375,66.52409362792969,0.9750001430511475
002567,17.304380416870117,0.514122486114502,0.06458189338445663,0.018602101132273674,0.13638951987698203,7.159693857597006,6.942576284942105,33.96966552734375,21.32980728149414,0.7542630434036255
002579,13.77828598022461,0.46206098794937134,0.09189540147781372,0.04189588874578476,0.20468485226265465,6.606283307446378,3.9171209940217286,7.06585693359375,17.322826385498047,0.6866216659545898
002592,19.036052703857422,0.5983045101165771,0.06126638874411583,0.012485180050134659,0.11173710238830546,6.125252660319467,5.5255524954994835,11.18011474609375,26.407835006713867,0.8361952900886536
002613,21.598289489746094,0.7024661898612976,0.03231918066740036,0.00692103523761034,0.08319275952635746,7.387821118170843,5.886612040598441,22.11444091796875,26.723840713500977,0.8939699530601501
002616,19.067420959472656,0.4161984920501709,0.05938492715358734,0.012395327910780907,0.11133430698028755,6.673725622644651,4.587901828770128,8.09515380859375,15.48766803741455,0.7745298147201538
002624,36.84785461425781,0.9664137363433838,0.0075049130246043205,0.00020664031035266817,0.014374989055740814,5.584117545358469,6.8507742911782055,18.35003662109375,30.81460952758789,0.9942722916603088
002658,18.673133850097656,0.5263313055038452,0.0635090246796608,0.01357333641499281,0.11650466263198572,5.958513216757629,4.927218222729444,22.33929443359375,24.879440307617188,0.8191479444503784
002659,27.578962326049805,0.9039400815963745,0.027348365634679794,0.0017462399555370212,0.04178803603349912,7.596072384742646,9.610450732946363,52.0611572265625,63.90505599975586,0.9772024154663086
002670,18.61907196044922,0.3885594308376312,0.08028509467840195,0.013743358664214611,0.11723207182428626,7.303904302721259,5.831072007917006,11.40252685546875,21.11347770690918,0.8517304062843323
002677,34.401126861572266,0.9225658178329468,0.007531330920755863,0.0003629839629866183,0.019052138016154994,7.606196570119831,6.789198976660296,14.50933837890625,30.327314376831055,0.9852524995803833
002697,17.7509708404541,0.23795545101165771,0.07875853031873703,0.016784286126494408,0.12955418220379614,5.610727195717862,5.0080909417501855,20.91619873046875,16.182857513427734,0.7585864663124084
002704,16.200908660888672,0.5030845403671265,0.06868215650320053,0.023983310908079147,0.15486546066854012,6.075905647016338,3.456682017197565,15.90338134765625,28.780000686645508,0.6930121183395386
002707,15.2167329788208,0.27168551087379456,0.09004255384206772,0.03008338436484337,0.1734456236543412,7.118626356511335,6.532223698617638,6.66522216796875,18.24898338317871,0.6765689849853516
002712,14.880977630615234,0.2981804311275482,0.09464184939861298,0.03250141069293022,0.18028147628896937,6.9279045401455015,3.04502757771891,31.31695556640625,16.034168243408203,0.6613810062408447
002730,17.40882110595703,0.6034201383590698,0.060613151639699936,0.01816008798778057,0.13475937068634808,6.7990257450908995,7.7231344725985185,12.26458740234375,19.77822494506836,0.7675097584724426
002731,15.663886070251465,0.2818828225135803,0.07562442123889923,0.027140101417899132,0.164742530689252,6.146816251044214,6.3478952990454545,45.40802001953125,58.21345901489258,0.7183634638786316
002735,17.241336822509766,0.6171443462371826,0.08678238093852997,0.01887410879135132,0.13738307316169382,7.707325351312172,5.877715408940338,7.89642333984375,15.260963439941406,0.7937293648719788
002739,17.626808166503906,0.4969255328178406,0.05410945415496826,0.017271067947149277,0.1314194351956714,7.2967860761377565,5.394950034702407,8.33074951171875,32.586917877197266,0.8390242457389832
002745,17.447425842285156,0.4148988723754883,0.08265464007854462,0.017999369651079178,0.1341617294576929,7.293624206774838,5.6493254558043065,9.11871337890625,14.333446502685547,0.8249611258506775
002759,29.215639114379883,0.866579532623291,0.014775289222598076,0.0011979429982602596,0.03461131315423123,6.712152438768272,4.268139350648401,14.72564697265625,21.59434700012207,0.99000084400177
002765,16.087005615234375,0.4574778974056244,0.1174597442150116,0.024620652198791504,0.15690969440666025,6.7008847778186045,5.513747489789378,12.24493408203125,13.149324417114258,0.7784423828125
002770,20.084213256835938,0.6705695986747742,0.07412644475698471,0.009807957336306572,0.09903513182859187,7.152995989572101,4.935071994896807,33.90618896484375,20.419206619262695,0.8670145869255066
002771,15.744768142700195,0.27854129672050476,0.11735992878675461,0.02663932740688324,0.16321558567392772,6.614064723023727,6.184917253824138,16.35821533203125,32.61848449707031,0.8166194558143616
002782,21.943866729736328,0.956110954284668,0.05290525406599045,0.0063916537910699844,0.07994781917644773,7.449868132793213,7.666825419977047,6.33489990234375,25.719905853271484,0.9755584001541138
002783,12.585737228393555,0.17342357337474823,0.14171919226646423,0.055134858936071396,0.2348081321761906,6.837467755515636,4.0884209482978005,28.38128662109375,38.288021087646484,0.6478689312934875
002787,25.418359756469727,0.7771867513656616,0.03655160218477249,0.002871864242479205,0.05358977740650921,7.214181239077464,8.43881976149792,53.9832763671875,59.36900329589844,0.9673063158988953
002796,14.225970268249512,0.20813462138175964,0.11542912572622299,0.03779226541519165,0.1944023287288289,7.3564145721759795,6.862188908999153,36.97650146484375,43.84274673461914,0.6414148807525635
002801,31.756393432617188,0.9083318710327148,0.010128842666745186,0.0006673609605059028,0.02583333041839365,6.504337492434396,6.457614503302092,39.16119384765625,16.997346878051758,0.9425907135009766
002806,20.434955596923828,0.6277458071708679,0.047104042023420334,0.009046996012330055,0.09511569803313255,6.330106549293303,6.539567106126908,15.96453857421875,12.285700798034668,0.7268593907356262
002818,13.750214576721191,0.2671273648738861,0.10432982444763184,0.04216757044196129,0.20534743836230654,7.087086507162262,6.647320790339771,41.82635498046875,56.50107955932617,0.7061046361923218
002819,16.657934188842773,0.26010197401046753,0.09713467955589294,0.021587714552879333,0.14692758268235184,6.645374262960052,6.0145366811495835,13.40618896484375,26.219341278076172,0.8299086093902588
002837,26.077529907226562,0.8047773838043213,0.03429008275270462,0.002467441838234663,0.049673351389197234,6.628227857625282,4.139532445540693,1.49700927734375,36.72380447387695,0.9885336756706238
002857,14.285764694213867,0.179573655128479,0.11702074110507965,0.03727550059556961,0.19306864218606193,6.006618556442071,5.183969697474311,22.68426513671875,12.263251304626465,0.6417856216430664
002867,12.86741828918457,0.5103956460952759,0.11805125325918198,0.051672354340553284,0.2273155391532952,7.445036281136255,5.741564332992112,54.25067138671875,38.75710678100586,0.7731544971466064
002873,17.91811752319336,0.2798246145248413,0.08205361664295197,0.016150590032339096,0.12708497170137426,6.243429836053755,5.402981170573951,14.98822021484375,12.828618049621582,0.7971630692481995
002878,24.701011657714844,0.6668583750724792,0.04122171923518181,0.003387653036043048,0.05820354831144788,6.4125737716461,5.220385917248256,4.56768798828125,28.636524200439453,0.9692152738571167
002880,15.751609802246094,0.19208136200904846,0.09571757912635803,0.026597391813993454,0.16308706819976088,6.096421462650789,5.490899485614951,20.29290771484375,10.3594388961792,0.6583904027938843
002881,23.503612518310547,0.6457446813583374,0.045973218977451324,0.004463122226297855,0.06680660316389284,7.1258923683246485,4.463481500585096,26.68060302734375,39.792816162109375,0.9790045022964478
002893,16.63664436340332,0.4617617130279541,0.07368555665016174,0.021693801507353783,0.1472881580689832,6.288671114867359,6.259180217584374,23.51837158203125,18.560546875,0.7006577253341675
002899,27.206762313842773,0.9504905939102173,0.01585230976343155,0.0019024962093681097,0.04361761352215535,3.811021845633867,8.09761986136739,23.15679931640625,31.59947967529297,0.9674972295761108
002910,20.769588470458984,0.3594888150691986,0.04986051470041275,0.008376086130738258,0.09152096006237183,5.438489191010774,4.321037627223815,31.56866455078125,39.744590759277344,0.8379887342453003
002919,32.39881134033203,0.9644696116447449,0.006990041118115187,0.0005755975726060569,0.023991614631075936,7.035011101299059,9.055040869471762,41.42498779296875,55.81909942626953,0.9918308258056641
002923,16.72119903564453,0.6038594245910645,0.056823186576366425,0.021275516599416733,0.14586129232739142,5.326019251668931,7.37946062013049,7.86712646484375,31.191864013671875,0.7356911897659302
002929,23.0852108001709,0.695212721824646,0.03956197574734688,0.004914497025310993,0.07010347370359755,7.170668384239046,5.7102813088822675,50.05511474609375,51.55447769165039,0.9647631645202637
002938,12.190797805786133,0.3073597848415375,0.13658089935779572,0.06038377806544304,0.24573110927483935,6.499364718502447,5.100381698241796,19.34832763671875,18.346776962280273,0.6078989505767822
002944,16.671131134033203,0.940155029296875,0.1405920684337616,0.021522214636206627,0.14670451470969334,6.325777594009715,9.309296455469388,47.41644287109375,61.04542541503906,0.9778475761413574
002956,16.864347457885742,0.30834901332855225,0.0899713858962059,0.0205856841057539,0.14347712049575673,7.005053920215023,5.064167923796923,25.85662841796875,22.58294105529785,0.7491385340690613
002957,17.006088256835938,0.4075278043746948,0.06476391851902008,0.019924677908420563,0.14115480122341062,7.248412094844095,3.4670302140004283,19.07830810546875,32.76323318481445,0.7481633424758911
002976,12.213714599609375,0.13637775182724,0.18278974294662476,0.06006597727537155,0.24508361282503477,6.7090937980708185,5.917668010797502,40.86016845703125,29.883214950561523,0.6562981009483337
002983,13.947732925415039,0.32847437262535095,0.09574724733829498,0.040292732417583466,0.2007304969793665,6.561176657196803,5.324092249349777,23.59368896484375,42.03244400024414,0.7048759460449219
002985,21.505765914916992,0.7475046515464783,0.039247479289770126,0.007070067338645458,0.08408369246557539,5.750868495290567,7.030856174030461,20.36663818359375,13.382166862487793,0.8596792817115784
002990,27.507007598876953,0.7162765264511108,0.02413390576839447,0.0017754130531102419,0.042135650619282504,5.276327777325992,5.748270722446495,31.49725341796875,26.108747482299805,0.9872998595237732
003002,13.887778282165527,0.19583754241466522,0.12449119985103607,0.040852829813957214,0.20212082973794962,6.178492167786592,5.874674944055625,11.44842529296875,19.900527954101562,0.6844132542610168
003016,28.188552856445312,0.6593009233474731,0.029057223349809647,0.001517556025646627,0.03895582146029816,6.858120165848846,7.331977044203983,39.40008544921875,43.626155853271484,0.9637712240219116
003027,13.122739791870117,0.15083304047584534,0.16755622625350952,0.048722103238105774,0.22073083889231648,6.885477739848401,5.792926394849127,40.31195068359375,47.701107025146484,0.7381484508514404
003032,16.112468719482422,0.5230045318603516,0.07577987015247345,0.024476712569594383,0.15645035177203784,6.339452783462806,5.511152966584631,2.39398193359375,18.391942977905273,0.6892451047897339
003043,17.75763702392578,0.24412737786769867,0.08704808354377747,0.016758542507886887,0.1294547894358756,6.050037022370207,6.568091034602282,13.60235595703125,8.557854652404785,0.8190911412239075
003077,21.314851760864258,0.8867278099060059,0.08170469105243683,0.007387793622910976,0.08595227526314225,6.533102334671122,12.538418585012058,55.62982177734375,69.86743927001953,0.9881625771522522
003091,16.386442184448242,0.2386133074760437,0.11310310661792755,0.022980306297540665,0.1515925667621624,5.740019253160578,5.4298147093950115,40.05841064453125,41.08012771606445,0.8052489757537842
003092,28.81965446472168,0.914728045463562,0.025675609707832336,0.00131230428814888,0.036225740684613754,6.787032397559339,7.020551803391364,38.94525146484375,55.43137741088867,0.9943678975105286
003093,14.606765747070312,0.46034836769104004,0.09355636686086655,0.03461971506476402,0.18606373925288083,7.529257630686619,5.4462279854615785,25.62579345703125,24.389434814453125,0.7392138838768005
003100,23.03382682800293,0.7093325853347778,0.028468620032072067,0.004972987808287144,0.07051941440686489,5.6646037264483065,6.015703717345205,15.07952880859375,10.658912658691406,0.908787190914154
003144,17.010560989379883,0.44028759002685547,0.06811340153217316,0.019904164597392082,0.14108212004854506,7.367602607408323,5.916015777893587,12.87786865234375,11.809999465942383,0.7280501127243042
003145,24.460834503173828,0.6840957999229431,0.04506629705429077,0.0035802754573524,0.059835403043285336,7.788092302846672,7.702246802188662,52.483642578125,55.49901580810547,0.9622003436088562
003169,18.120731353759766,0.5260556936264038,0.05138970538973808,0.015414412133395672,0.12415479102070798,5.123103361308672,5.313800760973883,26.93841552734375,37.28955841064453,0.778622567653656
003187,27.32305908203125,0.8210495710372925,0.029416751116514206,0.0018522259779274464,0.043037495023844574,6.950759714376229,3.6069717030121424,-3.95587158203125,25.72222328186035,0.9921661019325256
003206,20.07830047607422,0.389169305562973,0.04925496503710747,0.009821321815252304,0.09910258228347182,5.191974231980713,6.606769404143053,32.17523193359375,16.970600128173828,0.7882394790649414
003222,27.227258682250977,0.8710047006607056,0.02054377645254135,0.0018935383995994925,0.04351480667082749,7.195555989029727,7.5841823146164735,7.17694091796875,33.013526916503906,0.910439133644104
003226,16.624143600463867,0.25939512252807617,0.09408721327781677,0.021756336092948914,0.14750029184021607,7.0034332399192625,4.945129740139787,19.40960693359375,20.72665023803711,0.7571831941604614
003232,17.926467895507812,0.4598888158798218,0.07997559756040573,0.01611955836415291,0.12696282276380322,6.615352676234723,9.188088178235557,55.64483642578125,32.10503387451172,0.889135479927063
003264,15.086621284484863,0.29719048738479614,0.09554817527532578,0.03099830262362957,0.17606334832562276,6.853939834586027,5.525664033698514,13.03375244140625,18.742469787597656,0.7064860463142395
003268,27.102243423461914,0.7724308371543884,0.025440361350774765,0.0019488383550196886,0.04414564933285826,6.640040325942264,4.831496888008502,15.91534423828125,22.119436264038086,0.9855912327766418
003278,16.387128829956055,0.26043352484703064,0.08349039405584335,0.022976674139499664,0.1515805862882832,5.983445807555544,5.309269903038738,18.46575927734375,23.643861770629883,0.7503523826599121
003280,20.560306549072266,0.7015241384506226,0.08615486323833466,0.008789601735770702,0.09375287588000009,5.036572651260572,5.170752123609915,29.12689208984375,53.262508392333984,0.9884911775588989
003285,16.67523765563965,0.4914308488368988,0.09048666805028915,0.021501872688531876,0.14663516866199552,7.247330122253193,5.940663136367396,11.92645263671875,19.65761947631836,0.7896057367324829
003287,20.57577896118164,0.44463130831718445,0.05284588783979416,0.008758345618844032,0.0935860332466551,7.35824699927756,4.46005885729136,40.45611572265625,37.818546295166016,0.90517657995224
003318,19.433076858520508,0.3856552243232727,0.06691712141036987,0.011394422501325607,0.10674466029420679,7.4522199987079505,6.222213820225892,5.36224365234375,24.57682991027832,0.8405948281288147
003324,25.57772445678711,0.7650659084320068,0.03553900867700577,0.00276839267462492,0.05261551743188429,7.128054233012847,5.82306767239753,13.12969970703125,20.906391143798828,0.9882394671440125
003340,16.275211334228516,0.24796637892723083,0.08679509162902832,0.023576483130455017,0.1535463549891531,5.662908218277504,5.099048313930597,23.69158935546875,18.04743194580078,0.6734578609466553
003342,22.92320442199707,0.9585250616073608,0.04191594943404198,0.0051012844778597355,0.0714232768630769,7.395522998392512,6.954795869001789,1.47088623046875,15.628033638000488,0.9779970645904541
003356,17.899019241333008,0.652603268623352,0.0630262941122055,0.01622176729142666,0.12736470190530286,5.779342848740692,6.594245512176153,7.03900146484375,7.48436975479126,0.7884953022003174
003361,26.371095657348633,0.8571545481681824,0.019113657996058464,0.002306165872141719,0.04802255586848454,6.745237672380506,5.177896102852556,40.86859130859375,67.99413299560547,0.9826951026916504
003412,11.037064552307129,0.12652909755706787,0.2392764538526535,0.07875779271125793,0.2806381882624992,7.361306059560125,4.877972448395937,30.87225341796875,20.143970489501953,0.7989490032196045
003431,27.191696166992188,0.7867305278778076,0.033485837280750275,0.001909107668325305,0.04369333665818285,7.430392577196818,4.108190197890594,45.61346435546875,51.65721893310547,0.9763889908790588
003437,18.89345932006836,0.6313831806182861,0.05701971799135208,0.012901912443339825,0.11358658566635334,5.5442096301596315,6.548508108932629,8.51287841796875,16.408220291137695,0.7548655271530151
003443,31.04638671875,0.9231621623039246,0.015817029401659966,0.0007858892786316574,0.02803371681799717,6.681002177804992,9.863951645935035,53.90435791015625,64.99545288085938,0.9895355105400085
003478,16.566579818725586,0.30536583065986633,0.11132323741912842,0.022046618163585663,0.14848103637699214,6.127683928793586,5.376911716408716,18.44110107421875,19.89461898803711,0.8252314329147339
003488,17.31033706665039,0.2997177839279175,0.07435522973537445,0.018576599657535553,0.13629600015237262,6.847354275708538,7.458170687790545,52.74932861328125,62.55375289916992,0.8183144927024841
003494,16.418346405029297,0.27024003863334656,0.07911352813243866,0.02281210385262966,0.151036763248653,6.092154894775673,6.809920581776113,44.51165771484375,52.427162170410156,0.7470992803573608
003497,31.94547462463379,0.9131779670715332,0.010809781961143017,0.0006389290792867541,0.02527704649057627,5.039832184422212,5.153048997064021,33.40740966796875,31.445560455322266,0.991620659828186
003511,21.51303482055664,0.5610164999961853,0.04353752359747887,0.007058241870254278,0.08401334340599878,6.726217137146127,5.616342902869592,14.01507568359375,15.674575805664062,0.8938088417053223
003519,13.852496147155762,0.3790608048439026,0.16232186555862427,0.041186071932315826,0.20294351906950817,6.935812976623026,5.988715147388318,32.80902099609375,18.149564743041992,0.9523990750312805
003520,20.0419921875,0.6850244402885437,0.040654055774211884,0.00990377925336361,0.09951773336126386,6.270077722434742,7.917552309066822,7.34027099609375,18.104482650756836,0.8681401014328003
003529,24.76022720336914,0.704936683177948,0.03605697676539421,0.0033417753875255585,0.057808091021288345,7.029353931589039,4.898941540779209,45.02655029296875,37.26766586303711,0.9748141765594482
003540,20.351158142089844,0.6374101638793945,0.051911525428295135,0.009223257191479206,0.0960377904341786,5.79808645381984,5.818706682488305,8.52056884765625,14.508191108703613,0.8696896433830261
003541,29.886762619018555,0.9432141780853271,0.01036175899207592,0.0010264168959110975,0.032037741741750426,7.0113797846717105,9.932483300988014,48.99169921875,63.71757888793945,0.8941147327423096
003557,15.93962574005127,0.28349652886390686,0.07306455075740814,0.02547050081193447,0.15959480195775322,4.68264290795763,6.696995065656437,37.98211669921875,43.03956985473633,0.6782853007316589
003581,24.830883026123047,0.9683040380477905,0.044438015669584274,0.0032878494821488857,0.05733977225407235,7.2942609761436925,9.363900834715823,52.04656982421875,63.99191665649414,0.9820727705955505
003595,18.604961395263672,0.30310261249542236,0.07230167090892792,0.013788084499537945,0.11742267455452522,5.392389140391847,5.207447997543263,22.16033935546875,16.171457290649414,0.7836033701896667
003597,27.316585540771484,0.7937557101249695,0.029248371720314026,0.0018549896776676178,0.04306959110169979,6.063445935916744,3.6679001578426846,-0.31109619140625,27.21295928955078,0.9845648407936096
003601,20.27676773071289,0.6526354551315308,0.055154066532850266,0.009382599964737892,0.0968638217537275,6.6200676080140655,5.259268717577542,14.01800537109375,21.128419876098633,0.8569723963737488
003609,15.830215454101562,0.9131336212158203,0.15519748628139496,0.026120319962501526,0.16161782068355435,6.023216388757783,5.558339307399573,-7.36920166015625,14.895915985107422,0.9898006319999695
003634,14.887344360351562,0.25793203711509705,0.11489878594875336,0.03245379775762558,0.18014937623435054,7.383724519410375,5.534561100798499,31.00885009765625,20.689434051513672,0.6427967548370361
003658,22.741363525390625,0.8535137176513672,0.021657466888427734,0.005319412797689438,0.07293430466995238,6.802744140231445,5.350648928362774,10.16583251953125,26.2136287689209,0.923853874206543
003674,18.717540740966797,0.309307336807251,0.07269404083490372,0.013435257598757744,0.11591055861636482,6.715018971172572,7.059490800928561,24.75164794921875,29.89581871032715,0.7715898752212524
003676,32.54195022583008,0.9535707235336304,0.010125089436769485,0.000556935730855912,0.023599485817617127,4.962727544095564,7.916082667933609,38.91448974609375,62.826961517333984,0.989536464214325
003686,20.676006317138672,0.6261295676231384,0.04043228179216385,0.00855853408575058,0.09251234558560592,5.859313224410485,5.5943412974336955,10.05218505859375,26.358678817749023,0.8096669316291809
003702,25.664751052856445,0.6091663837432861,0.03217456862330437,0.0027134688571095467,0.052090967135478936,4.8112245618162035,6.653033488525961,32.97760009765625,28.31806182861328,0.9759922623634338
003708,15.735865592956543,0.22438737750053406,0.09443318843841553,0.026693984866142273,0.16338293933621795,6.0877158825601185,5.212158011029865,35.08551025390625,26.80823516845703,0.6903173923492432
003716,28.4060001373291,0.9167523384094238,0.020709989592432976,0.0014434445183724165,0.037992690328172554,6.981471646067907,3.850297222968787,11.58685302734375,43.97879409790039,0.9025107026100159
003723,20.204975128173828,0.37231144309043884,0.04923059791326523,0.009538992308080196,0.0976677649384903,7.427158880227273,5.883748867969895,21.52435302734375,14.774544715881348,0.8196489214897156
003735,16.64179229736328,0.41737449169158936,0.08819399774074554,0.021668097004294395,0.14720087297395487,7.1066457018424565,5.534470763472798,20.96905517578125,36.29914093017578,0.7995810508728027
003741,18.504661560058594,0.3157293498516083,0.07798485457897186,0.014110221527516842,0.11878645346804846,6.496993738907864,7.536259194421482,21.73284912109375,6.082434177398682,0.7086178660392761
003760,27.914302825927734,0.9633188247680664,0.0193336084485054,0.0016164783155545592,0.04020545131638941,7.644562447428558,5.101156507996858,33.53753662109375,22.750707626342773,0.9426155686378479
003775,18.80803871154785,0.5146956443786621,0.07303008437156677,0.013158190064132214,0.11470915422987048,6.989000447913117,4.842656159766741,11.23138427734375,33.48408508300781,0.8207297921180725
003778,27.758581161499023,0.7407256960868835,0.030872762203216553,0.001675490289926529,0.04093275326589367,7.3074722241667684,7.348226128799818,37.18963623046875,45.29420852661133,0.9737853407859802
003785,15.231740951538086,0.7952813506126404,0.07879228889942169,0.029979608952999115,0.17314620686864357,4.818657448145267,7.670088735300309,7.68988037109375,6.395876407623291,0.7959644198417664
003797,32.14380645751953,0.7639130353927612,0.017776641994714737,0.0006104070926085114,0.02470641804488282,5.946580176435356,7.731854837750963,33.41363525390625,51.64573287963867,0.9757256507873535
003801,16.368858337402344,0.4059404730796814,0.12024214118719101,0.02307353913784027,0.15189976674715558,6.805791505441732,4.579178847673666,17.44158935546875,19.780466079711914,0.7990847826004028
003819,25.446741104125977,0.5749622583389282,0.04125753790140152,0.0028531583957374096,0.053414964155538,7.076630526756754,8.582027807387663,54.47698974609375,63.1161994934082,0.9534366726875305
003823,19.989295959472656,0.4379851818084717,0.07394344359636307,0.010024679824709892,0.10012332308063837,6.9193147210392185,5.062456377063851,38.42962646484375,40.11980438232422,0.8736498951911926
003832,29.366703033447266,0.8701858520507812,0.016401423141360283,0.0011569908820092678,0.034014568672985815,6.758765922290692,7.681160913443615,30.69891357421875,39.92836380004883,0.8994027972221375
003837,17.965492248535156,0.40040773153305054,0.06950604915618896,0.01597536914050579,0.12639370688648147,6.059861331673906,5.352928219891021,32.19110107421875,27.948814392089844,0.7433574795722961
003850,29.535564422607422,0.8591407537460327,0.025720953941345215,0.001112867845222354,0.033359673937590484,6.832673248394368,9.963359972868547,56.57220458984375,65.69839477539062,0.9840853214263916
003855,19.604923248291016,0.7003647685050964,0.05504562705755234,0.01095235999673605,0.10465352357534861,6.605785397784645,5.804810142802089,9.90057373046875,9.998364448547363,0.8471531271934509
003868,38.215938568115234,0.9894396662712097,0.002945362124592066,0.00015080158482305706,0.012280129674521236,6.259205340442772,11.040878453984929,49.68145751953125,66.0390625,0.9964070320129395
003873,14.907193183898926,0.5497286915779114,0.07522626966238022,0.03230581432580948,0.17973818271533035,6.694165780591959,6.309080468151477,25.03509521484375,14.25008487701416,0.7687389850616455
003900,25.036333084106445,0.7049541473388672,0.038376495242118835,0.003135932143777609,0.055999394137594104,7.602457541133371,8.14408496916529,49.26019287109375,53.20809555053711,0.9591736793518066
003902,20.83684730529785,0.6904343366622925,0.0517129972577095,0.008247368037700653,0.09081502099157746,7.159363843317161,6.536935203741419,24.55084228515625,18.647581100463867,0.86716228723526
003913,10.569942474365234,0.14259777963161469,0.18512797355651855,0.08770125359296799,0.29614397443299095,7.253981646329967,5.719532461351645,46.30426025390625,60.087032318115234,0.6526291966438293
003938,10.604691505432129,0.06297947466373444,0.19465230405330658,0.08700232207775116,0.2949615603392265,6.140845043357517,4.372621380839457,17.46038818359375,20.481225967407227,0.5637377500534058
003942,33.23352813720703,0.9172005653381348,0.013286362402141094,0.0004749494546558708,0.021793335097131664,5.36320952804443,6.530704791071093,14.69573974609375,42.71249008178711,0.9764074683189392
003957,16.155723571777344,0.31778034567832947,0.10438454151153564,0.024234149605035782,0.15567321415399563,7.315741983115673,4.591837817321271,13.03277587890625,25.49239158630371,0.8003308773040771
003989,29.78585433959961,0.8659094572067261,0.010730667039752007,0.0010505450190976262,0.0324121122282647,7.070332819933499,6.9977528168323095,33.05084228515625,27.468923568725586,0.9036612510681152
003990,20.41324234008789,0.6483878493309021,0.05193766951560974,0.00909234769642353,0.09535380273708821,7.691405384192128,6.0702906612146155,10.12921142578125,13.694032669067383,0.8555340766906738
003999,16.06050682067871,0.28921133279800415,0.07188671827316284,0.02477133274078369,0.1573891125230195,5.797179061305039,7.224203697251571,42.44097900390625,58.5472412109375,0.6547948718070984
004003,16.18179702758789,0.237685889005661,0.08436207473278046,0.024089090526103973,0.1552066059357783,5.838185365867782,5.142611004395807,38.86773681640625,46.695858001708984,0.7217859625816345
004004,27.660493850708008,0.8594833612442017,0.0295524001121521,0.001713762991130352,0.04139762059744922,6.917449095627993,9.901083525346818,59.65484619140625,66.75785827636719,0.9723699688911438
004005,17.52128028869629,0.6468474268913269,0.09195109456777573,0.017695870250463486,0.13302582550190578,7.5635946985726665,5.87968925962196,11.04974365234375,13.133965492248535,0.8130767345428467
004008,22.671300888061523,0.4408453404903412,0.04833304509520531,0.005405926611274481,0.07352500670706859,5.285149571544588,6.103432318304833,46.74127197265625,54.619712829589844,0.949500322341919
004014,21.338123321533203,0.6227405667304993,0.03569094091653824,0.007348310202360153,0.0857222853309462,5.818812377067484,5.738641495531724,13.81976318359375,9.681610107421875,0.8328977823257446
004020,31.5825252532959,0.9784365892410278,0.016552751883864403,0.0006946205394342542,0.026355654790466775,6.490633687830894,8.61345333688115,39.57513427734375,59.34725570678711,0.9800360798835754
004026,17.26717185974121,0.5938020348548889,0.07834874838590622,0.01876216009259224,0.13697503455955848,7.545206657028363,4.879548366257643,14.96942138671875,16.80877685546875,0.719523549079895
004042,27.01066017150879,0.6073132753372192,0.0340438149869442,0.001990371150895953,0.04461357585865488,6.55266940477495,6.783964131668118,52.16522216796875,60.703086853027344,0.9572100043296814
004045,17.69747543334961,0.4742550253868103,0.07763972878456116,0.016992313787341118,0.13035456949160285,7.683056655662883,5.742128147149829,25.19451904296875,23.535568237304688,0.7767541408538818
004049,30.404422760009766,0.6764435172080994,0.022388949990272522,0.0009110824903473258,0.030184143028208137,6.744859956453675,6.839175227419109,22.41961669921875,31.012174606323242,0.9454988241195679
004060,8.483186721801758,0.07606486976146698,0.3195589482784271,0.14180167019367218,0.3765656253479228,6.706414312445997,4.956388443457922,22.70526123046875,23.058244705200195,0.643165111541748
004076,20.332332611083984,0.8954471349716187,0.0811527669429779,0.009263328276574612,0.09624618577676007,6.861827986963055,5.819446788182321,30.51654052734375,32.546058654785156,0.9705381393432617
004085,14.758833885192871,0.5903470516204834,0.07284925132989883,0.033428486436605453,0.1828345876375842,6.17056942032451,7.675567711092233,15.15545654296875,13.826128959655762,0.7814748287200928
004112,16.395709991455078,0.24349761009216309,0.08460917323827744,0.02293131873011589,0.15143090414481414,6.8727056429342355,5.815755418857511,37.56317138671875,56.8192253112793,0.6837347745895386
004128,19.64949607849121,0.2503557503223419,0.06452816724777222,0.010840527713298798,0.10411785492075218,6.119730630372093,3.7696129014505195,27.50531005859375,20.29443359375,0.8365331292152405
004147,33.462223052978516,0.9701239466667175,0.012767600826919079,0.00045058628893457353,0.021227017900180268,6.267918102591182,10.753720068921961,48.13995361328125,63.6640625,0.9902803897857666
